{"_runtime": 225, "_timestamp": 1638329237, "conf_table": {"_type": "table-file", "path": "media/table/conf_table_109_64d53b227faa1d9af28f.table.json", "sha256": "64d53b227faa1d9af28f0039b25e56adeb64e665247c693173315a44082c2d85", "size": 182, "artifact_path": "wandb-client-artifact://vaxm3e1qo5b1izurnzuxak3wm3nwaz6lppg84y8imooajvdd0jtoqpy3eynwt915154f56ezvgrxo1rvxknrvpujtm19vg1ui8uka4z3p22f4qj3min9c1hibnogz9ky:latest/conf_table.table.json", "_latest_artifact_path": "wandb-client-artifact://vaxm3e1qo5b1izurnzuxak3wm3nwaz6lppg84y8imooajvdd0jtoqpy3eynwt915154f56ezvgrxo1rvxknrvpujtm19vg1ui8uka4z3p22f4qj3min9c1hibnogz9ky:latest/conf_table.table.json", "ncols": 3, "nrows": 4}, "_step": 111, "examples": {"_type": "table-file", "path": "media/table/examples_110_a7b9520ed0c934d7d1fc.table.json", "sha256": "a7b9520ed0c934d7d1fc327281edc8ee18487d37ea8aa7ca4230fdc90b2e5882", "size": 277, "artifact_path": "wandb-client-artifact://25c9hgov4riny3gj7orgrjospgymtq3metcpdxxg8q85axiwz0atug12cnhk18fqxumldlmj2w74hldzn6kggxkv83usle77b5vl9s01fvoz8x1a4mulei36m2kjgc6o:latest/examples.table.json", "_latest_artifact_path": "wandb-client-artifact://25c9hgov4riny3gj7orgrjospgymtq3metcpdxxg8q85axiwz0atug12cnhk18fqxumldlmj2w74hldzn6kggxkv83usle77b5vl9s01fvoz8x1a4mulei36m2kjgc6o:latest/examples.table.json", "ncols": 3, "nrows": 20}, "global_step": 535, "train/loss_step": 0.6599887609481812, "train/acc_step": 0.609375, "epoch": 3, "trainer/global_step": 535, "train/loss_epoch": 0.600063681602478, "train/acc_epoch": 0.7044789791107178, "valid/loss_step/epoch_0": 0.48164016008377075, "valid/loss_epoch": 0.6163371205329895, "valid/acc": 0.6912751793861389, "valid/precision_macro": 0.34563758969306946, "valid/recall_macro": 0.5, "valid/precision_micro": 0.6912751793861389, "valid/recall_micro": 0.6912751793861389, "valid/f1": 0.6912751793861389, "valid/loss_step/epoch_1": 0.5029624700546265, "valid/loss_step/epoch_2": 0.5090028643608093, "valid/loss_step/epoch_3": 0.5699451565742493, "_wandb": {"runtime": 226}}