{"_runtime": 19, "_timestamp": 1638337617, "conf_table": {"_type": "table-file", "path": "media/table/conf_table_6_fd92e1c16ec5616c2699.table.json", "sha256": "fd92e1c16ec5616c2699a104e8f0ea731f81d9419c84fcbc153f53e3bbf484c5", "size": 183, "artifact_path": "wandb-client-artifact://mvhlhcktltvb2k3ecf2k7en1sm00xkr55q9ernln639wlnmmovfj40kd31mh4ncb9x6bos0629e178g3kzhadw42i568vg4cf7ahzl2qtu0h5ddc535owsfekxwu2931:latest/conf_table.table.json", "_latest_artifact_path": "wandb-client-artifact://mvhlhcktltvb2k3ecf2k7en1sm00xkr55q9ernln639wlnmmovfj40kd31mh4ncb9x6bos0629e178g3kzhadw42i568vg4cf7ahzl2qtu0h5ddc535owsfekxwu2931:latest/conf_table.table.json", "ncols": 3, "nrows": 4}, "_step": 8, "examples": {"_type": "table-file", "path": "media/table/examples_7_72e28a2b9340634abd84.table.json", "sha256": "72e28a2b9340634abd842c8f328bc3c059367eeaa0ab429728c59f9613d8c8c6", "size": 640, "artifact_path": "wandb-client-artifact://l5mbsdw4gms1uaubqisuox0oopyw4zwjesj51exri36bf515pd535rghfcsdjqslom3zmh65a0nlae83j89c5bi7bc4rc3e8bzne4kolnp9dtkne8cqtfzs6rupy5j1i:latest/examples.table.json", "_latest_artifact_path": "wandb-client-artifact://l5mbsdw4gms1uaubqisuox0oopyw4zwjesj51exri36bf515pd535rghfcsdjqslom3zmh65a0nlae83j89c5bi7bc4rc3e8bzne4kolnp9dtkne8cqtfzs6rupy5j1i:latest/examples.table.json", "ncols": 3, "nrows": 53}, "global_step": 15, "train/loss_step": 0.7264541387557983, "train/acc_step": 0.3125, "epoch": 0, "trainer/global_step": 15, "train/loss_epoch": 0.7431155443191528, "train/acc_epoch": 0.345703125, "valid/loss_step/epoch_0": 0.6906073093414307, "valid/loss_epoch": 0.6893354654312134, "valid/acc": 0.58203125, "valid/precision_macro": 0.521485447883606, "valid/recall_macro": 0.5197079181671143, "valid/precision_micro": 0.58203125, "valid/recall_micro": 0.58203125, "valid/f1": 0.58203125, "_wandb": {"runtime": 20}}