{"_runtime": 59, "_timestamp": 1638328954, "conf_table": {"_type": "table-file", "path": "media/table/conf_table_33_64d53b227faa1d9af28f.table.json", "sha256": "64d53b227faa1d9af28f0039b25e56adeb64e665247c693173315a44082c2d85", "size": 182, "artifact_path": "wandb-client-artifact://ym8jn9kgma8w5evjkj9bathq4k8xgh8qhh996wp34q1cmd767gqs4f3rwavourkjdx6ul9do7mxpo2e7aqcu514rd5c7iyaaape6a5nqagvy8rltinrrhty1rouygalg:latest/conf_table.table.json", "_latest_artifact_path": "wandb-client-artifact://ym8jn9kgma8w5evjkj9bathq4k8xgh8qhh996wp34q1cmd767gqs4f3rwavourkjdx6ul9do7mxpo2e7aqcu514rd5c7iyaaape6a5nqagvy8rltinrrhty1rouygalg:latest/conf_table.table.json", "ncols": 3, "nrows": 4}, "_step": 35, "examples": {"_type": "table-file", "path": "media/table/examples_34_a7b9520ed0c934d7d1fc.table.json", "sha256": "a7b9520ed0c934d7d1fc327281edc8ee18487d37ea8aa7ca4230fdc90b2e5882", "size": 277, "artifact_path": "wandb-client-artifact://11fv5sgx1c5okb9y0uqwxqlo7lzkpebnhipu3rauw9wvx05wkow6wkzl2v2r2n1ktgbjyocwses9bb9ms5xmk5ld19uvd6vx7kry1nqko5l4k1or0q1sdlmlhkuxp7wo:latest/examples.table.json", "_latest_artifact_path": "wandb-client-artifact://11fv5sgx1c5okb9y0uqwxqlo7lzkpebnhipu3rauw9wvx05wkow6wkzl2v2r2n1ktgbjyocwses9bb9ms5xmk5ld19uvd6vx7kry1nqko5l4k1or0q1sdlmlhkuxp7wo:latest/examples.table.json", "ncols": 3, "nrows": 20}, "global_step": 133, "train/loss_step": 0.6443700790405273, "train/acc_step": 0.65625, "epoch": 0, "trainer/global_step": 133, "train/loss_epoch": 0.6166631579399109, "train/acc_epoch": 0.698280930519104, "valid/loss_step/epoch_0": 0.4876601994037628, "valid/loss_epoch": 0.6182422637939453, "valid/acc": 0.6912751793861389, "valid/precision_macro": 0.34563758969306946, "valid/recall_macro": 0.5, "valid/precision_micro": 0.6912751793861389, "valid/recall_micro": 0.6912751793861389, "valid/f1": 0.6912751793861389, "_wandb": {"runtime": 60}}